Quarter,0
2023Q1,-0.21048632497699696
2023Q2,-0.2934434078589739
2023Q3,0.7736642719012885
2023Q4,0.905819673464528
2024Q1,0.4976538369563093
