Year,0
2021,0.610124715780516
2022,-0.018425597063118672
2023,0.05113675875080071
2024,0.5430209820697659
