Quarter,0
2023Q1,0.7591498729939777
2023Q2,-0.14779817627910097
2023Q3,0.8385201282099645
2023Q4,0.9206977143197167
2024Q1,0.31902727834354977
