Year,0
2021,-0.6025304644909719
2022,0.44121127804960564
2023,-0.31195955299580513
2024,0.6463806655328154
